Country,Year,Access to electricity (% of population),Carbon dioxide (CO2) emissions excluding LULUCF per capita (t CO2e/capita),Control of Corruption: Percentile Rank,"Foreign direct investment, net inflows (% of GDP)",Forest area (% of land area),GDP (current US$),GDP growth (annual %),GDP per capita (current US$),Gini index,High-technology exports (% of manufactured exports),Individuals using the Internet (% of population),"Inflation, consumer prices (annual %)","Life expectancy at birth, total (years)","Literacy rate, adult total (% of people ages 15 and above)","Mortality rate, infant (per 1,000 live births)",People using at least basic drinking water services (% of population),People using at least basic sanitation services (% of population),"PM2.5 air pollution, mean annual exposure (micrograms per cubic meter)",Political Stability and Absence of Violence/Terrorism: Estimate,Population growth (annual %),"Population, total",Poverty headcount ratio at $2.15 a day (2017 PPP) (% of population),Regulatory Quality: Estimate,Renewable energy consumption (% of total final energy consumption),Research and development expenditure (% of GDP),Rule of Law: Estimate,"School enrollment, primary (% gross)",Trade (% of GDP),"Unemployment, total (% of total labor force) (modeled ILO estimate)",Urban population (% of total population),Voice and Accountability: Estimate
Afghanistan,2000,4.4,0.054812515,4.787233829,0.004827601,1.852781994,3521418060,0,180.1883694,0,0,0,0,55.298,0,92,27.44185609,20.97091936,64.76727982,-2.438968897,1.443803024,19542982,0,-2.080252647,45,0,-1.780660748,22.16299057,0,7.955,22.078,-2.031417131
Afghanistan,2001,9.3,0.050196479,0,0.024168568,1.852781994,2813571754,-9.431974068,142.9033644,0,0,0.00472257,0,55.798,0,89.3,27.47358023,20.98234866,64.59757272,0,0.742516834,19688632,0,0,45.6,0,0,22.90859032,0,7.958,22.169,0
Afghanistan,2002,14.1,0.046328007,4.761904716,1.30694987,1.852781994,3825701439,28.60000116,182.1740382,0,0,0.0045614,0,56.454,0,86.6,29.67486273,22.54133877,64.41688801,-2.035033703,6.449321478,21000256,0,-1.81154573,37.8,0,-1.673473239,75.95974731,0,7.939,22.261,-1.433421016
Afghanistan,2003,19,0.04675619,4.761904716,1.278493252,1.852781994,4520946819,8.832277803,199.6432265,0,0,0.0878913,0,57.344,0,83.7,31.87558916,24.10033283,64.17623142,-2.198372364,7.541018965,22645130,0,-1.463107824,36.7,0,-1.5582937,96.55368042,0,7.922,22.353,-1.177571177
Afghanistan,2004,23.8,0.039875091,6.403940678,3.577104201,1.852781994,5224896719,1.414117993,221.8305307,0,0,0.105809,0,57.944,0,80.9,34.09443129,25.66623994,63.82660868,-2.295682192,3.933177688,23553551,0,-1.511548996,44.2,0,-1.693925261,106.2526627,0,7.914,22.5,-1.203033924
Afghanistan,2005,28.7,0.054638874,1.463414669,4.368673104,1.852781994,6203256539,11.22971483,254.115276,0,0,1.22415,12.68626872,58.361,0,78,36.33122612,27.23918874,63.31902553,-2.06750989,3.576508004,24411191,0,-1.643440247,33.9,0,-1.662965536,100.2296906,0,7.914,22.703,-1.12542963
Afghanistan,2006,33.5,0.05806718,1.951219559,3.413772973,1.852781994,6971758282,5.357403247,274.0153923,0,0,2.10712,6.78459655,58.684,0,75.1,38.56711933,28.81226623,61.51464943,-2.219134569,4.139678035,25442944,0,-1.689468622,31.9,0,-1.879004836,103.9322433,0,7.918,22.907,-1.110293984
Afghanistan,2007,38.4,0.079665522,0.970873773,1.935701714,1.852781994,9747886187,13.82631955,376.3182996,0,0,1.9,8.680570785,59.111,0,72.3,41.0836739,30.46653361,58.08378502,-2.41337347,1.793195727,25903301,0,-1.708872318,28.8,0,-1.852560043,101.0864563,0,7.908,23.113,-1.057653904
Afghanistan,2008,42.4,0.15247927,0.485436887,0.455360445,1.852781994,10109297048,3.92498382,382.5338072,0,0,1.84,26.41866415,59.852,0,69.6,43.63260872,32.12870461,54.19114381,-2.69136095,2.002333262,26427199,0,-1.607166886,21.2,0,-1.903307557,103.4139633,0,7.92,23.32,-1.168901801
Afghanistan,2009,48.3,0.236856939,0.95693779,0.451889146,1.852781994,12416152732,21.39052839,453.3873851,0,0,3.55,-6.811161089,60.364,0,67,46.21376265,33.79895774,51.00143731,-2.71142149,3.561288374,27385307,0,-1.664507627,16.5,0,-1.876118779,99.36972046,0,7.914,23.528,-1.375495195
Afghanistan,2010,42.7,0.286853284,0.952380955,1.20311799,1.852781994,15856668556,14.36244147,562.4992216,0,0,4,2.178537524,60.851,0,64.6,48.82696852,35.47747099,49.67937703,-2.579151869,2.894904104,28189672,0,-1.516528249,15.2,0,-1.87005806,102.9034424,0,7.914,23.737,-1.404467344
Afghanistan,2011,43.2,0.403450944,0.473933637,0.29302518,1.852781994,17805098206,0.426354777,608.7388504,0,0,5,11.80418581,61.419,31,62.3,51.47237647,37.16457222,61.81705591,-2.502059698,3.689508302,29249157,0,-1.536323905,12.6,0,-1.922500134,100.2902985,0,7.916,23.948,-1.335976958
Afghanistan,2012,69.1,0.334026128,1.421800971,0.285440894,1.852781994,19907329778,12.75228709,653.4174749,0,0,5.45455,6.441212809,61.923,0,60.1,54.14949164,38.86030503,70.92231651,-2.418561459,4.077627729,30466479,0,-1.192579746,15.4,0,-1.651893139,106.2834015,0,7.909,24.16,-1.267430067
Afghanistan,2013,68,0.275547459,0.947867274,0.239801184,1.852781994,20146416758,5.600744659,638.733181,0,0,5.9,7.385771784,62.417,0,58.1,56.85814159,40.56485238,73.1318159,-2.519349098,3.466788304,31541209,0,-1.1930902,16.9,0,-1.609111547,107.6959763,0,7.919,24.373,-1.240068436
Afghanistan,2014,89.5,0.25307638,5.288461685,0.209664795,1.852781994,20497128556,2.724543362,626.5129291,0,0,7,4.673996035,62.545,0,56.2,59.59815817,42.27840265,77.14372755,-2.411068439,3.657576065,32716210,0,-1.124133706,19.1,0,-1.437044501,109.1155167,0,7.915,24.587,-1.135439992
Afghanistan,2015,71.5,0.258331736,5.714285851,0.884000463,1.852781994,19134221645,1.451314661,566.8811297,0,0,8.26,-0.661709165,62.659,33.7538414,54.6,62.36965956,44.00130864,73.49081763,-2.56262517,3.121341229,33753499,0,-1.018826246,17.7,0,-1.515202641,106.1824188,0,9.011,24.803,-1.117556691
Afghanistan,2016,97.7,0.229161929,3.809523821,0.516606085,1.852781994,18116572395,2.260314203,523.053012,0,0,11,4.383891955,63.136,0,53,65.17216226,45.73360216,72.76591014,-2.662156105,2.581549399,34636207,0,-1.339695096,20.2,0,-1.520713925,106.1502838,0,10.1,25.02,-1.037788033
Afghanistan,2017,97.7,0.239789012,3.809523821,0.274796792,1.852781994,18753456498,2.647003203,526.140801,0,0,13.5,4.975951506,63.016,0,51.5,68.00887159,47.4776158,65.862347,-2.794973612,2.866492148,35643418,0,-1.369762778,19.5,0,-1.583736897,106.1299973,0,11.184,25.25,-0.990814269
Afghanistan,2018,93.4,0.221575704,4.761904716,0.661572218,1.852781994,18053222687,1.189228129,492.090631,0,0,16.8,0.626149149,63.081,0,50.1,70.87994089,49.23414442,67.22717748,-2.753262043,2.885207973,36686784,0,-1.138203621,18.3,0,-1.688586712,107.7805328,0,11.206,25.495,-1.007052064
Afghanistan,2019,97.7,0.197193508,5.714285851,0.124495985,1.852781994,18799444490,3.911603416,497.7414313,0,0,17.6,2.302372515,63.565,0,48.8,73.784643,51.00348109,58.33087223,-2.652406931,2.908529093,37769499,0,-1.113777995,18.9,0,-1.741318822,110.0075073,0,11.224,25.754,-1.006574869
Afghanistan,2020,97.7,0.140322994,4.761904716,0.064993957,1.852781994,19955929052,-2.351100672,512.055098,0,0,18.4,0,62.575,0,47.4,76.7222554,52.64900094,46.08709367,-2.702631712,3.134746908,38972230,0,-1.389163017,18.2,0,-1.831374288,0,46.70989455,11.71,26.026,-1.077688575
Afghanistan,2021,97.7,0.140630316,12.38095284,0.144401085,1.852781994,14266499430,-20.73883937,355.7778264,0,0,0,0,61.982,37,46.1,79.69307846,54.29858974,0,-2.518530369,2.851357654,40099462,0,-1.311682105,20,0,-1.87635684,0,51.41171637,11.934,26.314,-1.567889929
Afghanistan,2022,85.3,0.13800072,12.26415062,0,0,14502158192,-6.240171992,352.6037331,0,0,0,0,62.879,0,44.8,82.17537112,55.95194129,0,-2.550801754,2.534498317,41128771,0,-1.27180624,20,0,-1.658442259,0,72.88546961,14.1,26.616,-1.751587272
Afghanistan,2023,0,0,0,0,0,0,0,0,0,0,0,0,0,0,0,0,0,0,0,2.665628202,42239854,0,0,0,0,0,0,0,14.386,26.933,0
Bhutan,2000,31.2,0.719678069,71.27659607,0,65.47738693,460733418.4,3.355068305,784.6184027,0,0,0.400944,4.012120811,62.01,0,58.4,82.36160234,46.90494201,32.57384036,0.491936684,2.800570184,587207,0,-0.428554446,91.4,0,0.130426154,80.78762817,74.02649711,1.652,25.418,-1.112356544
Bhutan,2001,40.2,0.752278552,0,0,65.7268593,496110225.7,7.328374452,822.4175456,0,0,0.864629,3.414789461,63.444,0,55.6,83.46728539,47.26014571,32.91600699,0,2.692778294,603234,0,0,90.2,0,0,82.15339661,71.09457473,1.9,26.48,0
Bhutan,2002,44.1,0.791699513,70.89946747,0.4336159,65.97633166,559345263.7,10.44377954,903.5571776,0,0,1.6758,2.455357143,64.078,0,52.7,84.61995697,49.15474215,33.34418245,0.693675578,2.587763295,619048,0,-0.50857091,89.7,0,0.069401726,83.75219727,70.2833172,1.851,27.57,-1.290270805
Bhutan,2003,41.1,0.796058157,82.01058197,0.516969909,66.22580402,651935430.3,7.786560536,1027.273391,40.9,0,2.43691,2.572308617,64.696,0,49.9,85.7539271,51.01652707,33.75126304,0.918948591,2.485461063,634627,13.4,-0.04871612,89.7,0,0.136125684,86.24712372,72.84990066,1.8,28.688,-1.146781921
Bhutan,2004,51.9,0.788626304,80.78817749,1.204858664,69.41039431,735348490.4,5.157257256,1131.321034,0,0,3.15698,4.105936983,65.268,0,47.1,86.86839087,52.8441983,34.03014503,1.172050357,2.392109191,649991,0,-0.915191174,90.9,0,0.223591417,89.68125916,89.0605518,2.49,29.835,-0.965037107
Bhutan,2005,59.8,0.838656281,79.02439117,0.721867151,69.67088176,860391000.2,6.935071466,1297.092066,0,0,3.84711,5.312631046,65.805,53,44.4,87.95675999,54.62419308,34.07372473,1.284487367,2.03035344,663323,0,-0.286168545,88.7,0,0.332806766,92.76241302,97.74341354,3.1,30.965,-1.072155476
Bhutan,2006,59.7,0.837417937,77.56097412,0.649361842,69.93136921,942879878.5,5.640805265,1400.469178,0,0,4.51832,5.00045438,66.362,0,41.7,88.97896447,56.26958234,33.14962238,1.264518976,1.486953387,673260,0,-0.577596843,91.6,0,0.21245949,97.14897156,108.1577949,3.13,31.712,-1.058763504
Bhutan,2007,71.8,0.846813592,78.1553421,5.881322974,70.19185665,1255767964,16.10478365,1842.344735,38.1,0.751439729,5.92,5.156111388,66.954,0,39.3,89.98677222,57.88900697,31.1047419,0.568526506,1.233193031,681614,5.9,-0.70974499,92,0,0.36783278,101.165947,106.9290224,3.7,32.469,-0.872591913
Bhutan,2008,67.6,0.882365307,78.64077759,0.238630623,70.4523441,1317517835,4.529448692,1910.174218,0,0.126757285,6.55,8.327160494,67.499,0,36.9,90.97982582,59.48189388,28.70090506,0.720669389,1.18468503,689737,0,-0.765467465,87.8,0,0.421698183,104.5938492,101.9542357,3.833,33.236,-0.505405188
Bhutan,2009,71.5,1.192097214,79.42583466,1.374529048,70.71283154,1331343798,7.667492403,1908.249648,0,0.215969979,7.17,4.361122191,67.897,0,34.6,91.95755308,61.06873095,26.69993366,0.803496659,1.144731276,697678,0,-1.071835279,87.8,0,0.219097927,109.0328064,101.5594116,3.96,34.01,-0.461808324
Bhutan,2010,73.3,1.309254503,79.52381134,4.498094807,70.97331899,1673464261,11.9318739,2371.97209,0,0.13731061,13.6,7.036383161,68.43,0,32.6,92.91982976,62.62895809,25.86364946,0.742221653,1.117177172,705516,0,-1.158943653,84.8,0,0.161859259,111.8249588,107.2326853,3.32,34.793,-0.416917324
Bhutan,2011,81.8,1.569958406,77.25118256,1.60652866,71.02521185,1938441289,8.307647832,2717.449948,0,8.75611e-05,14.4,8.848985699,68.881,0,30.7,93.86634017,64.1622239,30.4700767,0.826495349,1.101609833,713331,0,-1.154204845,84.9,0,0.205665544,113.1725693,104.8791194,3.23,35.585,-0.404029369
Bhutan,2012,91.5,1.487356912,79.14691925,1.256910244,71.0771047,1939730676,5.095492644,2689.792866,38.8,0.02303265,15.6,10.91965694,69.326,55,29.1,94.79608007,65.6661457,38.13157147,0.77630949,1.089467832,721145,1.7,-1.093008518,82.8,0,0.260953724,112.4175186,95.67614659,2.05,36.371,-0.280920058
Bhutan,2013,87.4,1.540975375,79.14691925,1.068055187,71.12899756,1913162477,1.658455578,2624.765194,0,0,22.4,8.776383453,69.707,0,27.8,95.70915284,67.14088799,37.41624372,0.784624875,1.068123041,728889,0,-1.086755395,81.7,0,0.317648262,106.1411972,96.56917811,2.87,37.149,-0.158783659
Bhutan,2014,91.4,1.562149881,88.46154022,1.143954629,71.18089042,2057330873,5.717865612,2793.931303,0,0,30.3,8.271060939,70.049,0,26.6,96.60577774,68.58685065,40.29815305,1.068038583,1.019359843,736357,0,-1.014745593,82.1,0,0.417663902,104.0050278,89.29107372,2.63,37.918,-0.1029386
Bhutan,2015,95.4,1.797856511,80.95237732,0.299359179,71.23278327,2154921011,6.568454317,2899.228294,0,0,39.8,4.548143951,70.343,0,25.5,97.48622327,70.00457822,37.48569113,0.960772634,0.93496965,743274,0,-0.735030413,81.6,0,0.534968972,102.4833566,91.00755302,2.45,38.678,-0.034806281
Bhutan,2016,99.3,1.942485672,81.42857361,0.511646198,71.23427013,2322730512,8.400553755,3097.961234,0,0,46.5,3.219886894,70.602,0,24.6,98.18623888,71.39454115,36.94161228,1.106088281,0.868973711,749761,0,-0.691017687,80.8,0,0.509927452,100.9430695,77.52795554,2.737,39.428,-0.025891906
Bhutan,2017,97.7,2.100192959,90.95237732,-0.638806341,71.28617869,2591358115,3.507567403,3427.173845,37.4,0,54.3,4.95508367,70.847,67,23.6,98.65984174,72.75728816,33.81151504,1.102793097,0.84469272,756121,0.9,-0.339257926,79.7,0,0.63007921,99.73843335,76.78839772,3.039,40.167,0.010954513
Bhutan,2018,100,2.39996011,91.42857361,0.102559427,71.34556896,2583335723,3.501871857,3389.777303,0,0,63.5,2.723963862,71.129,0,22.9,98.7649965,74.09344932,34.08388194,1.077452898,0.787111572,762096,0,-0.376959831,80,0,0.548555255,99.28786575,79.73972102,3.35,40.895,0.042394046
Bhutan,2019,100,2.609129608,91.42857361,0.47561707,71.39748296,2735683409,5.755148512,3564.598771,0,0,74.1794,2.726430374,71.391,0,22.1,98.87231224,75.40367028,30.05189776,1.065351009,0.701252584,767459,0,-0.359623849,81,0,0.584862649,97.96216381,76.12351742,2.72,41.612,0.073989496
Bhutan,2020,100,1.998948875,93.33333588,-0.113401542,71.44939696,2457604042,-10.21839742,3181.339747,0,0,76.8508,5.629365226,71.609,0,21.4,98.98171763,76.68856434,23.94565764,1.013411403,0.655471789,772506,0,-0.330750853,83.9,0,0.579251528,103.8008312,71.83035577,5.03,42.316,0.151467398
Bhutan,2021,100,2.182804578,90.47618866,0.244983589,71.50131096,2768802803,4.421367389,3561.225287,0,0,85.6369,7.346814405,71.815,0,20.7,99.12699463,77.94885785,0,0.797127724,0.642586173,777486,0,-0.405656159,81.8,0,0.604691029,103.0328842,77.58245145,4.804,43.008,0.219684556
Bhutan,2022,100,2.188496463,90.09433746,0.289904658,0,2898227713,5.213867838,3704.018395,28.5,0,86.8403,5.639166714,72.229,72.09999847,20.1,99.1314463,77.94007424,0,0.864817739,0.637077531,782455,0,-0.381970435,82.5,0,0.672034562,106.0821274,85.93016917,5.947,43.686,0.155555993
Bhutan,2023,0,0,0,0,0,0,0,0,0,0,0,4.229344199,0,0,0,0,0,0,0,0.633044533,787424,0,0,0,0,0,0,0,5.653,44.35,0
Bangladesh,2000,32,0.205050064,6.914893627,0.525362089,14.75246293,53369787319,5.293294719,413.1001853,33.4,0,0.0710394,2.208256209,65.779,0,63,94.81892121,24.51319035,53.20733159,-0.726261258,1.905524049,129193327,33.3,-0.941208124,60.2,0,-0.991129994,0,29.32171436,3.27,23.59,-0.227924496
Bangladesh,2001,35,0.24364686,0,0.145443905,14.72789045,53991289844,5.077287775,410.0485409,0,0,0.129808,2.007173742,66.135,47,59.9,94.99368594,26.07059753,53.53715577,0,1.899252681,131670484,0,0,55.9,0,0,0,32.09801707,3.614,24.096,0
Bangladesh,2002,37.8,0.251713462,1.587301612,0.095579368,14.70331797,54724081491,3.83312394,407.9629676,0,0,0.13992,3.332564933,66.612,0,57,95.17376963,27.6554494,53.99898917,-1.032590389,1.85802653,134139826,0,-1.055441499,54.4,0,-0.991601229,0,28.96738072,3.967,24.756,-0.432220519
Bangladesh,2003,40.5,0.259061315,0.529100537,0.445960783,14.67874549,60158929188,4.7395674,440.7144048,0,0,0.163878,5.668707734,66.824,0,54.3,95.35256256,29.23186766,54.44165602,-1.115581155,1.746536801,136503206,0,-1.044749141,52.6,0,-1.151943922,0,27.6578849,4.32,25.429,-0.551806808
Bangladesh,2004,40.6,0.269183472,0.985221684,0.689472336,14.654173,65108544250,5.23953291,469.1164584,0,0,0.199036,7.587536385,67.187,0,51.7,95.52997248,30.79929845,54.71398059,-1.360476375,1.661191643,138789725,0,-1.175912261,52,0,-1.122482061,0,26.85823415,4.294,26.114,-0.672145784
Bangladesh,2005,44.2,0.282248733,2.926829338,1.170651671,14.62960052,69476001430,6.535944939,493.0432506,33.2,0,0.241637,7.046618162,67.299,0,49.3,95.70895752,32.44318376,54.6647871,-1.863839388,1.517975111,140912590,24,-1.081751704,50.6,0,-0.978551865,99.95349884,34.39693486,4.25,26.809,-0.569969237
Bangladesh,2006,50.5,0.299803341,2.926829338,0.635863904,14.60502804,71795735672,6.671904986,503.3746345,0,0,1,6.765261171,67.241,0,47,95.88471178,34.08752509,53.19754595,-1.507097363,1.210589941,142628831,0,-1.005542517,48.6,0,-0.907564044,99.97512054,38.11192443,3.591,27.517,-0.451236516
Bangladesh,2007,46.5,0.313589393,13.5922327,0.817756923,14.58045556,79611644984,7.058599354,552.337247,0,0,1.8,9.106984969,66.714,46.66360092,44.8,96.05709845,35.73090119,50.07523823,-1.543071628,1.051117194,144135934,0,-0.953167856,47.2,0,-0.827155948,98.18898773,39.94238265,4.045,28.237,-0.573499918
Bangladesh,2008,54.3,0.347517136,15.04854393,1.449657915,14.55588308,91636997445,6.013789757,630.1483077,0,0.43548046,2.5,8.901944895,67.051,0,42.7,96.2259786,37.37191663,46.43595425,-1.508331299,0.887833017,145421318,0,-0.91451782,45.2,0,-0.752373576,95.1065979,42.62091403,4.516,28.968,-0.442116976
Bangladesh,2009,57.1,0.366237941,14.83253574,0.87951714,14.53130983,102475000000,5.045124799,698.5030788,0,0.305861222,3.1,5.423472362,67.403,0,40.7,96.39123318,39.00921249,43.4177843,-1.546771407,0.880093476,146706810,0,-0.866342843,43.1,0,-0.784571469,97.62580109,40.09279622,5,29.709,-0.289043039
Bangladesh,2010,55.3,0.401305633,14.76190472,1.068967656,14.50673734,115276000000,5.571788185,776.835744,32.1,0.21302152,3.7,8.126676392,68.638,0,38.9,96.55282537,40.64186732,42.1588187,-1.425789475,1.141551337,148391139,18.2,-0.85759306,40.3,0,-0.801013291,99.73534806,37.80284267,3.379,30.462,-0.268090695
Bangladesh,2011,59.6,0.422064282,13.74407578,0.983399359,14.4991442,128607000000,6.464379125,856.1788328,0,0.194923395,4.5,11.39516516,68.809,59,37.2,96.71059726,42.2683391,52.29511106,-1.404736876,1.218938691,150211005,0,-0.81707859,38.4,0,-0.733335555,0,47.42084984,3.73,31.225,-0.31506893
Bangladesh,2012,65.5,0.447700108,20.85308075,1.188503924,14.49155105,133311000000,6.521458779,876.5216529,0,0.463362853,5,6.217504221,69.554,58,35.6,96.86438458,43.88689272,65.16383893,-1.379088998,1.243571246,152090649,0,-0.959472537,37.3,0,-0.936167359,0,48.11092275,4.075,31.993,-0.401940674
Bangladesh,2013,61.5,0.46656778,21.32701492,1.735320126,14.4839579,149999000000,6.013605658,973.8286176,0,0.29908859,6.63,7.530406409,69.565,61,34.1,97.01406183,45.49616346,64.3758949,-1.627858877,1.267157297,154030139,0,-0.923936903,37,0,-0.871759772,0,46.29640272,4.426,32.762,-0.405386388
Bangladesh,2014,62.4,0.48504469,18.75,1.468703055,14.47636475,172887000000,6.061059359,1108.522513,0,0,11.9,6.991638892,69.986,61,32.7,97.15966368,47.09553667,68.32836451,-0.895563185,1.245960208,155961299,0,-0.955160499,35.4,0,-0.782509089,0,44.5140802,4.406,33.535,-0.473918706
Bangladesh,2015,74,0.536230755,21.90476227,1.450782463,14.46877161,195147000000,6.552639878,1236.435456,0,0.307867108,12.9,6.19428023,70.491,65,31.4,97.30110109,48.68381585,64.10842952,-1.209773779,1.191061127,157830000,0,-0.920240402,33.1,0,-0.770436168,0,42.08599631,4.382,34.308,-0.512037396
Bangladesh,2016,75.9,0.581254505,18.5714283,0.879528344,14.46877161,265225000000,7.113478213,1659.888173,32.4,0,18.1,5.513525727,71.09,73,30.1,97.43839091,50.26029221,63.67841413,-1.259732962,1.230795354,159784568,13.5,-0.811327994,30.2,0,-0.670857012,0,31.33415013,4.35,35.083,-0.583839417
Bangladesh,2017,88,0.619278356,18.5714283,0.616341784,14.46877161,293732000000,6.590249998,1815.47222,0,0,21.5,5.702070157,71.788,73,28.9,97.57149329,51.82403595,58.34397664,-1.253626704,1.249724066,161793964,0,-0.826628149,28.1,0,-0.681922019,109.1253603,29.99973067,4.372,35.858,-0.615030944
Bangladesh,2018,86.9,0.671929011,17.1428566,0.753549137,14.46877161,321363000000,7.31941263,1963.312441,0,0,25.6,5.543621395,72.567,74,27.8,97.70041155,53.37426479,59.51357785,-0.985568643,1.161378463,163683958,0,-0.849186778,27,0,-0.649730861,112.4276954,32.51463172,4.532,36.632,-0.742027104
Bangladesh,2019,92.2,0.647432612,16.19047546,0.543244141,14.46877161,351232000000,7.881915151,2122.037652,0,0,30.4,5.591996399,72.806,75,26.7,97.82513657,54.91023996,50.36452654,-0.928613365,1.11317249,165516222,0,-0.937222183,26.1,0,-0.644387662,0,31.57805449,4.693,37.405,-0.741844893
Bangladesh,2020,96.2,0.595972006,17.1428566,0.407859895,14.46877161,373979000000,3.448017551,2233.767282,0,0,36.1091,5.691074747,71.968,75,25.7,97.94567602,56.43123343,42.38137624,-0.915807784,1.14420974,167420951,0,-0.906213522,27.2,0,-0.56792897,118.4292374,26.27144738,5.828,38.177,-0.769557953
Bangladesh,2021,99,0.621865443,18.09523773,0.414118155,14.46877161,416272000000,6.938679124,2457.964466,0,0,38.9174,5.545654308,72.381,76,24.9,98.03301971,57.93662462,0,-1.036632776,1.149318476,169356251,0,-0.846353292,25,0,-0.625113249,115.4481807,27.7240047,5.815,38.946,-0.77454257
Bangladesh,2022,99.4,0.6371728,15.56603813,0.355308724,0,460132000000,7.099828776,2687.899063,33.4,0,41.6152,7.696954372,73.698,0,24.1,98.09706298,59.29519147,0,-1.092371106,1.074836743,171186372,5,-0.927658916,0,0,-0.60133934,117.6594575,33.77996727,5.247,39.711,-0.752661884
Bangladesh,2023,0,0,0,0.316668222,0,437415000000,5.77511237,2529.080127,0,0,44.5027,9.883503038,0,0,0,0,0,0,0,1.027464987,172954319,0,0,0,0,0,111.5953844,30.98297141,5.06,40.473,0
India,2000,60.3,0.939598867,43.61701965,0.765211694,22.733495,468396000000,3.840991157,442.0353304,0,0,0.527532,4.00943591,62.669,0,66.4,79.87927122,14.08576181,61.51144978,-1.00120759,1.822184002,1059633675,0,-0.159504071,46.9,0.756990016,0.348079592,93.99777222,26.90092291,7.856,27.667,0.352063388
India,2001,62,0.937729733,0,1.05638021,22.7975676,485440000000,4.823966266,449.9103137,0,0,0.660146,3.779293122,63.091,61,64.5,80.4891123,16.72348555,61.90683477,0,1.808446421,1078970907,0,0,47.1,0.735909998,0,98.99546814,25.99325475,8.039,27.918,0
India,2002,62.3,0.955881759,36.50793839,1.011569465,22.86164019,514939000000,3.803975321,468.8455131,0,0,1.53788,4.297152039,63.616,0,62.6,81.13055718,19.5366221,62.37252215,-1.210664988,1.776767874,1098313039,0,-0.381400049,45.8,0.72566998,-0.017395871,98.06572723,29.50866294,8.248,28.244,0.426245898
India,2003,65.4,0.968093305,40.74074173,0.605887857,22.92571279,607701000000,7.860381476,543.8450534,0,0,1.68649,3.805858995,64.094,0,60.6,81.7689909,22.36876586,62.76635396,-1.50999701,1.724269032,1117415123,0,-0.38163045,45.6,0.719290018,0.120161645,106.2232285,30.59243613,8.397,28.572,0.454564899
India,2004,64.4,1.026867261,37.93103409,0.765596855,22.98978538,709153000000,7.922936612,624.108803,34,0,1.97614,3.767251735,64.524,0,58.7,82.40450807,25.22008398,62.94617225,-1.28043294,1.67281087,1136264583,40.6,-0.37812984,44.9,0.756900012,0.053356059,0,37.50381406,8.551,28.903,0.399967372
India,2005,68.8,1.053586967,44.87804794,0.886098378,23.05385798,820384000000,7.923430621,710.5112225,0,0,2.38807,4.24634362,64.996,0,56.8,83.0367817,28.08953667,62.76981905,-1.013880491,1.604129169,1154638713,0,-0.291889518,44.2,0.824109972,0.133130163,0,42.00166961,8.697,29.235,0.41368565
India,2006,67.9,1.107472389,47.31707382,2.130168425,23.11793057,940260000000,8.060732572,802.013742,0,0,2.8055,5.796523376,65.412,63,54.8,83.6659241,30.9773053,61.19510992,-1.065184236,1.52430796,1172373788,0,-0.283315152,43.2,0.804729998,0.178989619,0,45.7244805,8.614,29.569,0.437193722
India,2007,72.3,1.188409712,41.26213455,2.073394047,23.18200317,1216740000000,7.660815067,1022.732467,0,0,3.95,6.372881356,65.788,0,52.8,84.2920134,33.88350114,58.02113499,-1.154295802,1.46637175,1189691809,0,-0.313716233,41.5,0.805069983,0.096898161,114.1143188,45.68626868,8.534,29.906,0.453963935
India,2008,74.1,1.245997292,43.68931961,3.620523235,23.24607576,1198900000000,3.086698059,993.5034053,0,0,4.38,8.349267049,66.149,0,50.8,84.91499745,36.80784258,54.3676481,-1.109707355,1.422391509,1206734806,0,-0.413643241,39.4,0.858759999,0.09585046,114.6265564,53.36822044,8.486,30.246,0.462193102
India,2009,75,1.34315165,39.23445129,2.651590332,23.31014836,1341890000000,7.861888833,1096.636136,34.9,9.56530523,5.12,10.88235294,66.513,0,48.7,85.53459122,39.74941111,51.35440313,-1.355547905,1.39119493,1223640160,33.5,-0.34953326,37.4,0.833140016,0.017980825,113.0516815,46.27286964,8.406,30.587,0.46074909
India,2010,76.3,1.405909601,39.04761887,1.635034094,23.37422095,1675620000000,8.497584702,1350.63447,0,7.72334081,7.5,11.98938992,66.909,0,46.7,86.15087227,42.70831536,50.10115395,-1.2779845,1.377595812,1240613620,0,-0.410472035,36.2,0.788489997,-0.035810821,112.5279465,49.2552065,8.318,30.93,0.443312973
India,2011,79.5,1.472025689,35.54502487,2.002063463,23.46382169,1823050000000,5.241316199,1449.603301,35.4,7.868565007,10.07,8.911793365,67.359,69,44.6,86.76390529,45.68459284,61.70862421,-1.32679534,1.361588085,1257621191,22.9,-0.363154948,35,0.755020022,-0.08629714,109.7079029,55.62388001,8.222,31.276,0.435818583
India,2012,79.9,1.587754099,36.4928894,1.31293453,23.55342242,1827640000000,5.456387552,1434.017987,0,7.699918013,11.1,9.478996914,67.887,0,42.5,87.37450795,48.6803119,74.00316075,-1.289309859,1.33219205,1274487215,0,-0.480885625,34.8,0.743990004,-0.062880747,111.7755737,55.79372173,8.156,31.634,0.399454206
India,2013,83.1,1.614204433,36.96682358,1.516276467,23.64302315,1856720000000,6.386106401,1438.057005,0,8.86996678,12.3,10.01787847,68.46,0,40.5,87.98236686,51.69445375,76.25017683,-1.229174137,1.297548835,1291132063,0,-0.478094786,34.9,0.706420004,-0.045691311,113.4167786,53.84413195,8.088,32.003,0.432780147
India,2014,85.1,1.716173028,39.90384674,1.69565959,23.73262388,2039130000000,7.410227605,1559.863779,0,9.217166203,13.5,6.665656719,69.074,0,38.5,88.58737184,54.72651883,79.03739571,-0.99791199,1.240362184,1307246509,0,-0.475076437,33.9,0.701590002,-0.068644837,111.5845413,48.92218575,7.992,32.384,0.41331318
India,2015,88,1.7087762,42.8571434,2.092115214,23.82222461,2103590000000,7.996253786,1590.174331,34.7,8.021878855,14.9,4.906973441,69.636,0,36.5,89.1893093,57.77572014,73.81099141,-0.954773545,1.18779532,1322866505,18.8,-0.424956709,33.4,0.693099976,-0.069937095,112.9378433,41.92291387,7.894,32.777,0.427884758
India,2016,89.6,1.720957538,43.80952454,1.937364122,23.91182535,2294800000000,8.256305502,1714.279537,34.7,7.660357231,16.5,4.948216341,70.117,0,34.7,89.78796094,60.84125721,75.78900353,-0.960426509,1.185046229,1338636340,18.1,-0.311531931,33,0.669839978,-0.055489417,119.5128326,40.08248571,7.8,33.182,0.440999389
India,2017,91.8,1.797468295,45.7142868,1.507315833,24.00142608,2651470000000,6.795383419,1957.969813,35.9,7.360672823,18.2,3.328173375,70.467,0,32.9,90.38318358,63.83038915,67.31227139,-0.774099052,1.155624491,1354195680,13.4,-0.256514043,32.5,0.66602999,-0.029448533,117.8681717,40.74249695,7.723,33.6,0.387068421
India,2018,95.7,1.879912407,47.61904907,1.558214838,24.09102681,2702930000000,6.453851345,1974.377731,34.5,9.03473422,20.0813,3.938826467,70.71,0,31.3,90.97467558,66.74811677,68.12095251,-0.997705162,1.087527722,1369003306,11.1,-0.225996733,32.9,0.66000998,-0.000957083,101.097956,43.61696933,7.652,34.03,0.360433936
India,2019,95.9,1.83742597,44.76190567,1.78482634,24.18062754,2835610000000,3.871436941,2050.1638,33.8,10.22349936,29.5235,3.729505735,70.91,0,29.7,91.56222114,69.66314609,59.89198088,-0.796840608,1.025310772,1383112050,13.2,-0.150565445,33.5,0.659420013,-0.06662368,99.50392361,39.90540353,6.51,34.472,0.268094271
India,2020,96.5,1.661916424,45.23809433,2.406203227,24.27022827,2674850000000,-5.777724707,1915.551588,33.8,11.0322568,43.4054,6.623436776,70.15,0,28.1,92.14560477,72.57510232,48.39481152,-0.841136158,0.955220858,1396387127,15.5,-0.128488675,36.1,0.64635998,-0.057718564,101.2912534,37.75810533,7.859,34.926,0.126321062
India,2021,99.6,1.796105743,45.23809433,1.41217101,24.35982901,3167270000000,9.689592492,2250.179018,32.8,10.21221554,0,5.131407472,67.24,0,26.8,92.72465388,75.48373765,0,-0.691997945,0.797216094,1407563842,12.9,-0.090854593,34.9,0,-0.108277,102.3161233,45.42308878,6.38,35.393,0.090988867
India,2022,99.2,1.90028583,44.3396225,1.489211205,0,3353470000000,6.987039326,2366.309609,0,12.48172802,0,6.699034141,67.744,76,25.5,93.29909578,78.38855995,0,-0.568608165,0.680372581,1417173173,0,-0.050446417,0,0,0.114700042,111.0844556,49.96531997,4.822,35.872,0.050905809
India,2023,0,0,0,0.7907283,0,3549920000000,7.583971124,2484.845429,0,0,0,5.649143189,0,77,0,0,0,0,0,0.805014301,1428627663,0,0,0,0,0,112.0312309,45.85392815,4.172,36.364,0
Maldives,2000,83.8,2.484186233,47.3404274,3.573781889,2.733333333,624337145.3,3.845810232,2209.988231,0,0,2.20387,-1.174756812,70.876,96,31.8,93.81617524,74.85341458,16.80604798,1.180719733,1.568301447,282507,0,0.98718679,2.3,0,0.253678381,127.2887802,0,1.97,27.706,-0.758386791
Maldives,2001,87.5,2.100068216,0,2.360954642,2.733333333,870031676.8,-3.943634289,3028.05083,0,0,3.61729,0.67257737,72.181,0,28.7,94.19996753,76.26215418,16.56951346,0,1.690716983,287324,0,0,2.3,0,0,124.8510818,0,3.062,28.859,0
Maldives,2002,88.3,2.46609462,52.38095093,2.755600741,2.733333333,897031250,7.26838641,3069.039872,41.3,0,5.34777,4.178672399,73.291,0,25.6,94.57652949,77.65151251,16.42794891,1.07719624,1.711543347,292284,6.6,0.939704359,1.8,0,-0.069341622,122.174881,0,4.142,30.042,-0.839590251
Maldives,2003,89.1,2.068123246,57.1428566,3.020036091,2.733333333,1052121055,13.75004966,3539.801547,0,0,5.97659,-1.260651135,74.06,0,22.9,94.94539745,79.01984957,16.32516338,1.032264709,1.676685986,297226,0,0.926884115,2.2,0,0.079446733,121.5269623,0,5.201,31.252,-0.999485612
Maldives,2004,90,2.596190445,46.79803085,4.314674454,2.733333333,1226829563,5.816366933,4060.534405,0,0,6.58825,-1.685412125,73.538,0,21.5,95.30630475,80.3664466,16.20496593,0.501932442,1.638114517,302135,0,-0.015420588,1.7,0,-0.298393637,120.154892,0,6.256,32.49,-1.19482708
Maldives,2005,90.9,2.369567908,41.46341324,4.554996736,2.733333333,1163362438,-11.22316621,3789.232024,0,0,6.86961,1.300275009,74.751,0,18.4,95.6587151,81.68922835,16.01116561,0.811711967,1.603244043,307018,0,0.516670823,2,0,0.09036915,114.2222672,0,7.394,33.75,-0.979869902
Maldives,2006,91.7,2.815194608,32.68292618,4.051980515,2.733333333,1575200391,23.60579828,5010.163424,0,0,11.0364,2.738421316,75.13,98,16.6,95.99455718,82.94542377,15.71448915,0.758358777,2.376286342,314401,0,0.406536967,1.6,0,-0.034912698,112.6583786,0,8.478,34.794,-1.005972266
Maldives,2007,92.6,2.698646063,19.90291214,7.088056791,2.733333333,1868383461,7.12342766,5746.644258,0,0,16.3,6.794773539,75.686,0,15.1,96.3039887,84.0726027,15.31800152,0.083186485,3.354355829,325126,0,0.056400053,1.5,0,-0.131116077,107.7691498,0,9.537,35.2,-0.927418411
Maldives,2008,93.6,2.844014094,21.35922241,7.979034445,2.733333333,2271646188,8.979816872,6743.130961,0,0,23.2,12.04145835,76.543,0,13.9,96.62838782,85.33349244,14.8140192,-0.164438739,3.552288956,336883,0,-0.373797566,1.5,0,-0.171761319,105.4940567,0,10.515,35.61,-0.301234484
Maldives,2009,99.9,2.925477815,28.7081337,6.735340125,2.733333333,2345294875,-8.157763215,6719.330257,38.4,0,24.8,4.530176591,77.069,0,12.8,96.94978433,86.58907527,14.19485865,-0.229707628,3.544224471,349037,3.8,-0.38104254,1.5,0,-0.151592925,104.6865768,0,11.697,36.021,-0.048458017
Maldives,2010,99,2.963700477,36.66666794,8.363764331,2.733333333,2588176055,6.835471356,7158.061411,0,0,26.53,6.149885368,77.657,0,11.9,97.26817969,87.83941977,13.45283633,-0.166243851,3.529155518,361575,0,-0.38403827,1.4,0,-0.319186181,102.2071183,0,10.851,36.434,-0.062693395
Maldives,2011,99.1,3.119057793,35.0710907,15.26594075,2.733333333,2774350240,8.572699128,7409.331909,0,0,34,11.27341461,78.124,0,11.2,97.58354875,89.08443083,12.07395543,-0.242630184,3.496208754,374440,0,-0.38474986,1.3,0,-0.542268932,100.4849151,0,10.01,36.849,-0.156640366
Maldives,2012,99.2,3.791102315,27.96208572,7.898957472,2.733333333,2886163997,2.363747489,7447.415608,0,0,38.9301,10.88469566,78.682,0,10.4,97.8958735,90.32412361,12.9660176,-0.365171462,3.438491239,387539,0,-0.401814729,1.2,0,-0.544501007,97.55838909,0,9.142,37.267,-0.468655318
Maldives,2013,99.4,4.088558823,25.11848259,10.95038922,2.733333333,3295009238,6.963246632,8222.558038,0,0,44.1,3.805630009,79.057,0,9.7,98.20509988,91.55806361,13.24011392,0.125037372,3.346640402,400728,0,-0.457175404,1.3,0,-0.748006761,95.74953609,0,8.298,37.685,-0.459633738
Maldives,2014,100,5.323968537,44.71154022,9.016591451,2.733333333,3697353039,7.801094807,8872.128386,0,0,49.28,2.120001757,79.424,99,9,98.51123658,92.78649863,11.72584273,0.679096162,3.917483406,416738,0,-0.374468446,1.2,0,-0.520292759,96.80260293,0,7.461,38.106,-0.372204363
Maldives,2015,99.8,3.740283115,38.57143021,7.215779382,2.733333333,4129505319,3.971715703,9480.431513,0,0,54.462,0.953206659,79.695,0,8.4,98.8142446,93.97349261,10.80856143,0.411403716,4.422534092,435582,0,-0.432607949,1.5,0,-0.587077856,99.01308833,0,6.612,38.529,-0.517903209
Maldives,2016,100,3.909724118,31.4285717,10.35476187,2.733333333,4409942624,6.572236066,9708.141349,31.3,0.025307379,59.5,0.502509414,79.872,98,7.7,99.11409292,95.06128905,12.37548719,0.408033192,4.196904224,454252,0,-0.495872647,1.2,0,-0.394261837,98.10444614,0,5.77,38.954,-0.732977569
Maldives,2017,99.8,3.967047807,22.38095284,9.505145292,2.733333333,4816426257,7.054539014,10194.74614,0,0.14397589,65,2.817473382,79.943,94.50550842,7.1,99.41077592,96.13976183,11.33337061,0.224531189,3.926287795,472442,0,-0.437854588,1.3,0,-0.63834554,96.94364239,0,5.376,39.38,-0.741155207
Maldives,2018,100,4.385022807,18.09523773,10.65176478,2.733333333,5404344163,8.668006242,11034.7236,0,0,70.9,-0.133373386,80.013,0,6.5,99.49723018,97.20885134,12.50346193,0.082971118,3.599640348,489758,0,-0.531163573,1.3,0,-0.55726546,96.58923605,0,4.959,39.808,-0.675655544
Maldives,2019,100,5.023706264,46.66666794,16.78347284,2.733333333,5726094799,7.298335745,11349.85927,29.3,0,77.4697,0.220029731,80.116,98.21186066,6,99.52720781,98.26842792,12.31398191,0.027608531,2.96723054,504508,0,-0.551773667,1.3,0,-0.411952257,97.12785002,0,4.562,40.238,-0.463619083
Maldives,2020,100,3.982598486,43.33333206,11.87068807,2.733333333,3712604583,-32.90882878,7216.816377,0,0,79.0978,-1.369774256,79.875,0,5.5,99.54444506,99.15534209,12.01239117,0.362981379,1.949134572,514438,0,-0.588554084,1.6,0,-0.303693801,97.83045016,0,5.404,40.669,-0.323318839
Maldives,2021,100,4.087010051,41.42856979,12.23421961,2.733333333,5254366312,37.68719229,10076.31753,0,2.011251894,85.2343,0.543149689,79.918,97.86000061,5.1,99.56211426,99.70015787,0,0.534778357,1.355177392,521457,0,-0.613875866,1.4,0,-0.186269343,0,0,5.021,41.102,-0.229317337
Maldives,2022,100,4.164097238,39.62264252,11.86630965,0,6170638746,13.90667638,11780.81691,0,4.096414731,83.9119,2.333143376,80.839,0,4.8,99.55834608,99.70053886,0,0.667752326,0.445829655,523787,0,-0.657294631,1.2,0,-0.027355907,95.36725825,0,4.424,41.536,-0.243848056
Maldives,2023,0,0,0,11.53812401,0,6600000000,3.972795846,12667.43567,0,0,0,2.927465424,0,0,0,0,0,0,0,-0.529476509,521021,0,0,0,0,0,97.54308686,0,4.127,41.971,0
Sri Lanka,2000,70.3,0.609745089,50,1.05898829,34.54664328,16330814180,6.000033158,869.7534886,0,0,0.64741,6.17627591,70.355,0,14.4,82.84719118,76.7684659,26.65982245,-1.904112697,0.565924638,18776371,0,0.158748269,64.2,0.143920004,0.159529582,0,88.6364417,7.74,18.38,-0.190723956
Sri Lanka,2001,63.6,0.600213263,0,1.090747209,34.44649976,15749753805,-1.545408134,832.4273196,0,0,0.793822,14.1584558,70.787,91,13.8,83.13201396,77.56522868,26.72280951,0,0.763488078,18920275,0,0,62.9,0,0,104.3644638,80.89860153,7.9,18.365,0
Sri Lanka,2002,80.7,0.621682913,50.26454926,1.188277909,34.34635624,16536535647,3.964675685,865.3021391,40.2,0,1.05042,9.55103167,71.117,0,13.4,83.42086603,78.36539126,26.72066158,-0.777628899,1.00146555,19110707,11,0.124769226,62.1,0,0.338851631,102.9921112,76.33513178,8.76,18.349,-0.088549092
Sri Lanka,2003,75,0.665569093,47.61904907,1.211327409,34.24621273,18881765437,5.940269078,978.1686456,0,0,1.45858,6.314637871,71.373,0,13,83.70986532,79.1689156,26.64635358,-0.833158433,1.002109527,19303180,0,0.034730762,61.3,0,0.244941875,100.4747314,75.33624733,8.22,18.334,-0.092452683
Sri Lanka,2004,76.5,0.681195813,50.73891449,1.126677351,34.14606921,20662525941,5.445061279,1060.136943,0,0,1.44616,7.57592583,67.091,0,17.6,83.99888305,79.97582616,26.49286042,-1.010440588,0.9653778,19490431,0,-0.083361119,61.6,0.182099998,0.21113658,96.01554108,79.4829449,8.38,18.319,-0.164139301
Sri Lanka,2005,78.1,0.732880868,46.82926941,1.116128543,34.04592569,24405791045,6.241748044,1240.518312,0,0,1.79205,11.6396861,72.118,0,12.1,84.28778189,80.78612958,26.25315698,-1.152236819,0.936752887,19673866,0,-0.423394442,60.1,0,0.158469424,98.10224152,73.60397296,7.67,18.303,-0.206795961
Sri Lanka,2006,82.1,0.648623154,51.21951294,1.69626362,33.94578217,28279802406,7.668291901,1423.190621,39.7,0,2.53757,10.02018361,71.969,91,11.5,84.57683092,81.59980672,25.85834859,-1.421550751,0.995543084,19870706,5.6,-0.272532344,62.2,0.174199998,0.177752674,97.6338501,71.26117849,6.5,18.288,-0.310158849
Sri Lanka,2007,80,0.702880746,52.91262054,1.863973878,33.84563865,32350238760,6.796826119,1611.175587,0,0,3.88,15.84211149,72.049,0,10.8,84.86576533,82.41687667,25.24261851,-1.751283646,1.041072362,20078655,0,-0.297004074,60.2,0,0.131876916,96.77477264,68.60651166,5.97,18.272,-0.435254872
Sri Lanka,2008,82.9,0.655636107,50.48543549,1.847529623,33.74549514,40713826215,5.950088145,2007.026655,0,1.877681292,0,22.56449553,71.729,91,10.3,85.15484745,83.2373247,24.40355857,-1.798595548,1.025608395,20285643,0,-0.385201991,61.6,0.114440002,-0.000771665,95.73592377,63.36904361,5.22,18.257,-0.464874476
Sri Lanka,2009,87.1,0.623747802,42.5837326,0.960390453,33.64535162,42066224093,3.538912053,2053.766451,36.1,0.97931972,0,3.464963221,69.187,0,13.6,85.44394294,84.06115683,23.33876057,-1.340903044,0.965634567,20482477,3.5,-0.294943988,63.5,0,-0.101635471,93.38205719,49.14914153,5.85,18.242,-0.480314404
Sri Lanka,2010,85.3,0.653978892,41.90476227,0.814444519,33.5452081,58636161082,8.01596737,2836.974109,0,1.1300716,0,6.217648893,73.215,91,9.6,85.73292143,84.88837381,22.04581633,-0.942946851,0.904381981,20668557,0,-0.248191312,61.9,0.132410005,-0.118414134,97.78184632,0,4.784,18.226,-0.505228579
Sri Lanka,2011,87.8,0.762545349,42.65402985,1.41088364,33.62557806,67753284044,8.669483012,3248.04021,0,1.035499489,0,6.716768436,73.38,0,9.3,86.022042,85.71897215,19.30672088,-0.72477144,0.920756933,20859743,0,-0.131351128,56.4,0,-0.117064774,97.40403698,0,4.118,18.211,-0.545052946
Sri Lanka,2012,87,0.851347711,50.23696518,1.335917347,33.70594801,70447216891,8.63218138,3351.892476,38.7,0.950917429,0,7.542913732,73.906,0,8.9,86.31118264,86.55296335,20.91318537,-0.717079222,0.751749909,21017147,2.6,-0.125741094,52.9,0,-0.114084356,97.17951847,0,3.88,18.196,-0.575279295
Sri Lanka,2013,90.2,0.702052399,52.13270187,1.211096514,33.78631797,77000578167,4.051746329,3643.832447,0,1.039212636,0,6.908450348,74.239,0,8.4,86.60239813,87.39031175,21.9721782,-0.612895429,0.543830441,21131756,0,-0.166235015,56.9,0.0973,-0.265588671,97.27498045,0,4.186,18.198,-0.594175637
Sri Lanka,2014,92.7,0.841787057,45.67307663,1.082812112,33.86668793,82528535714,6.377978893,3885.623616,0,0.954465708,10.5,3.179002282,74.651,0,8,86.89574122,88.23107342,19.78312654,-0.330464035,0.508369831,21239457,0,-0.10895326,54.2,0.096050002,-0.149271369,97.43375161,0,4.157,18.218,-0.667191744
Sri Lanka,2015,94.3,0.923680924,43.33333206,0.798271104,34.39516585,85140955389,4.205955476,3990.353117,0,0.891656274,15.26,3.768367831,74.927,0,7.5,87.19113279,89.07529907,17.91170462,0.083182663,0.456782306,21336697,0,-0.0587589,51.3,0.102909997,0.031726025,97.529105,46.91797081,4.519,18.256,-0.29613018
Sri Lanka,2016,97.5,1.096072744,44.2857132,1.019232036,34.34411,88012282206,5.053624893,4107.829775,39.3,0.943903914,22.19,3.958888466,75.331,92,7.1,87.48839096,89.92305123,19.52137197,-0.01134005,0.415306726,21425494,1.3,-0.123026699,45.1,0.120339997,0.107241459,97.53140438,46.47153703,4.243,18.311,-0.081050552
Sri Lanka,2017,97.5,1.088162156,39.52381134,1.454521896,34.29305414,94376237797,6.460681271,4388.201906,0,1.019916648,25.1,7.704137679,75.403,92,6.8,87.78755272,90.774373,18.34920163,-0.07544852,0.378824726,21506813,0,-0.162157983,45.8,0.118179999,0.026702216,97.64883842,47.1404098,4.046,18.384,-0.061878327
Sri Lanka,2018,99.6,1.014250115,42.38095093,1.708093857,34.25804992,94493871201,2.310084252,4360.584735,0,0,28.3,2.135037737,75.748,92,6.5,88.0886564,91.62931766,20.84783509,-0.139389724,0.755904689,21670000,0,-0.217681855,47.9,0.119489998,-0.00040862,97.27960308,49.80939675,4.318,18.476,-0.008067985
Sri Lanka,2019,99.8,1.083988442,44.2857132,0.835214753,34.20671025,89014978344,-0.220483886,4082.694049,37.7,1.102102874,32,3.528393582,76.008,92,6.2,88.39140851,92.48794077,19.77980365,-0.215569809,0.611875946,21803000,1,-0.232445598,46.1,0,0.039557587,97.27720773,49.42552585,4.67,18.585,-0.089097887
Sri Lanka,2020,100,1.011797983,43.80952454,0.5148915,34.15809893,84304298771,-4.624515816,3846.174496,0,1.256371154,36.1847,6.153945084,76.393,92,6,88.69595431,93.35029014,19.96444086,-0.089156918,0.53062656,21919000,0,-0.225914791,49.3,0.115970001,-0.007581946,97.47865615,37.0891205,5.365,18.713,-0.052087277
Sri Lanka,2021,100,0.955510923,42.8571434,0.668428428,34.10701584,88609332762,4.207485977,3999.338002,0,1.045164027,44.4531,7.014780712,76.399,92,5.7,89.00221413,94.21641465,0,-0.376803756,1.075449957,22156000,0,-0.38943544,48.8,0,0.017869212,96.87175547,41.22997175,5.258,18.86,-0.074099243
Sri Lanka,2022,100,0.83566566,40.09434128,1.19246339,0,74144875098,-7.346764384,3342.720125,0,1.086353124,50.1067,49.72110211,76.61,92,5.6,89.31010729,95.08636078,0,-0.785569847,0.11277264,22181000,0,-0.653642833,0,0,-0.056925315,95.91586286,46.68143828,6.33,19.026,-0.191544354
Sri Lanka,2023,0,0,0,0.84382728,0,84356860421,-2.298045112,3827.964806,0,0,0,16.54117423,0,0,0,0,0,0,0,-0.65132077,22037000,0,0,0,0,0,0,42.27772006,6.36,19.211,0
Nepal,2000,29.9,0.139225147,36.70212936,-0.008824253,40.32619463,5494252208,6.199999982,223.7118919,0,0,0.204652,2.478820207,62.614,0,58.5,79.66978885,13.96430342,57.91037719,-1.163825631,1.709775886,24559500,0,-0.656351626,88.3,0,-0.210961655,114.627739,55.710589,10.622,13.397,-0.280598551
Nepal,2001,24.6,0.146461356,0,0.347091875,40.45264737,6007055042,4.799892143,240.7051592,0,0,0.240015,2.688303735,63.336,49,55.7,80.32528079,16.51268744,58.28387271,0,1.601837449,24956071,0,0,87.8,0,0,107.468277,55.79992108,10.615,13.947,0
Nepal,2002,36.4,0.117806688,40.2116394,-0.098374869,40.5791001,6050875807,0.120143177,238.8612541,0,0,0.312956,3.029399487,63.264,0,53.1,80.93642244,19.07652302,58.76927791,-1.717462897,1.495832606,25332178,0,-0.590202868,90,0,-0.517511368,112.2343216,46.2307185,10.655,14.24,-0.79815954
Nepal,2003,39.6,0.131916526,34.92063522,0.233443621,40.70555284,6330473097,3.945037761,246.4858378,43.8,0,0.382811,5.707009319,64.197,0,50.7,81.54126796,21.70987545,59.23544996,-1.891852379,1.375026697,25682908,40.3,-0.414270848,89.4,0,-0.61063081,112.0409698,44.24788362,10.677,14.538,-0.920003414
Nepal,2004,37.2,0.112555912,18.22660065,-0.005737557,40.83200558,7273938315,4.682603252,279.7242003,0,0,0.449844,2.841811312,64.818,0,48.5,82.13971392,24.41227344,59.55124604,-2.149138451,1.242331411,26003965,0,-0.52077055,90.3,0,-0.753035843,114.8928986,46.14728672,10.68,14.841,-1.134827137
Nepal,2005,46.1,0.124625691,23.90243912,0.030156295,40.95845832,8130258378,3.479181048,309.3104186,0,0,0.826551,6.836332659,65.457,0,46.5,82.73166532,27.18323537,59.58552333,-2.098404884,1.075359276,26285110,0,-0.530171871,89.5,0,-0.825216174,115.4856796,44.06294748,10.652,15.149,-1.146815538
Nepal,2006,51.2,0.102277724,28.78048706,-0.073509433,41.08491106,9043715356,3.364614781,341.02814,0,0,1.14139,6.920335807,65.868,0,44.6,83.31703813,30.02227084,58.32385513,-1.894450188,0.88577445,26518971,0,-0.523552716,91.2,0,-0.621390879,129.8235474,44.76198776,10.659,15.462,-0.908803642
Nepal,2007,52.6,0.104512093,23.30097008,0.055606415,41.21136379,10325618017,3.41156028,386.5295864,0,0,1.41,2.269219244,66.329,0,42.9,83.89582312,32.92902553,55.5324688,-1.88537848,0.731449423,26713655,0,-0.580034494,91.3,0,-0.588803828,131.2217255,44.57927502,10.672,15.781,-0.585561931
Nepal,2008,56,0.114777633,21.84465981,0.007932157,41.33781653,12545438605,6.104639144,466.6933791,0,0,1.73,9.907830053,66.421,0,41.2,84.4678254,35.90281154,52.25120261,-1.834287405,0.626509659,26881544,0,-0.646401107,90.5,0.054389998,-0.669306338,129.5191956,46.03620635,10.65,16.105,-0.496126413
Nepal,2009,59.3,0.150361079,26.31579018,0.297715389,41.46426927,12854985464,4.533078725,475.6359761,0,0.428628769,1.97,11.09482374,66.761,0,39.7,85.03294997,38.94309705,49.51989483,-1.620081186,0.539422885,27026941,0,-0.722060025,88.9,0.259240001,-0.867817461,141.4710999,47.07944776,10.64,16.434,-0.441024661
Nepal,2010,68.6,0.176153313,27.1428566,0.548294666,41.59072201,16002656434,4.816414647,589.1654349,32.8,0.686184565,7.93,9.326504107,66.814,0,38.2,85.59110733,42.04934037,48.37838373,-1.583971143,0.496881283,27161567,8.2,-0.761707723,87.3,0.30219999,-0.959066808,146.5405579,45.98490577,10.629,16.768,-0.447481632
Nepal,2011,67.3,0.196593617,23.22274971,0.435814931,41.59072201,21573872421,3.421808701,791.2255821,0,0.415308033,9,9.227075461,67.313,60,36.7,86.14227181,45.22110125,57.74057448,-1.416443586,0.38521421,27266399,0,-0.734936655,87,0,-0.89161092,150.3542404,36.29675889,10.653,17.108,-0.445125788
Nepal,2012,75.2,0.228065925,22.74881554,0.423691511,41.59072201,21703100877,4.670141924,794.0925641,0,0.136727858,11.1493,9.459809804,67.47,0,35.2,86.68653071,48.45818056,71.40605466,-1.381232262,0.235525469,27330694,0,-0.805144668,84.7,0,-0.737359285,147.8899892,37.92190606,10.654,17.458,-0.642363489
Nepal,2013,77.4,0.229603468,28.90995216,0.334712331,41.59072201,22162204925,3.525153171,809.3844533,0,0.321841426,13.3,9.040163119,67.965,0,33.8,87.22355971,51.75956325,71.4182306,-1.129146099,0.185921857,27381555,0,-0.858153939,86,0,-0.718928397,144.305934,41.86537574,10.667,17.815,-0.528574824
Nepal,2014,84.9,0.26548583,33.17307663,0.133746237,41.59072201,22731612922,6.011482843,827.7447084,0,0.719637873,15.44,8.364154697,68.085,0,32.4,87.75332524,55.12480762,75.11797417,-0.72459954,0.293747924,27462106,0,-0.847787738,84,0,-0.649084508,141.9366322,45.98264161,10.647,18.182,-0.430445671
Nepal,2015,82,0.2661613,32.38095093,0.213029528,41.59072201,24360801287,3.976053272,882.3076616,0,0.635275667,17.5816,7.868908956,67.456,0,31,88.27558063,58.55299334,70.93619553,-0.997430027,0.53827062,27610325,0,-0.831647515,85.2,0,-0.692901909,142.9910284,46.66573039,10.655,18.557,-0.415430844
Nepal,2016,90.7,0.389925971,22.38095284,0.432212944,41.59072201,24524109484,0.433113719,880.2248936,0,0.822554673,20.7,8.79034332,68.776,65.50100708,29.7,88.79020539,62.04347519,72.40748542,-0.846989989,0.904474047,27861186,0,-0.789327502,79.4,0,-0.810879767,143.414505,42.11548612,10.684,18.942,-0.251382679
Nepal,2017,86.6,0.47439229,23.80952454,0.677439884,41.59072201,28971588940,8.977279356,1027.965477,0,1.184259948,24.3,3.627096107,68.91,0,28.4,89.29699309,65.59537452,64.64427161,-0.5841012,1.149953723,28183426,0,-0.740814745,76.8,0,-0.694215536,140.8214111,44.64241062,10.66,19.336,-0.19951579
Nepal,2018,93.9,0.536031655,27.1428566,0.206157202,41.59072201,33111525237,7.622376104,1161.534352,0,0.630576368,28.6,4.061163388,68.979,0,27.2,89.79577585,69.20789092,64.21083228,-0.542416573,1.140549365,28506712,0,-0.775707901,75,0,-0.491404861,0,48.44738695,10.63,19.74,-0.129691318
Nepal,2019,89.9,0.481671791,27.1428566,0.54280198,41.59072201,34186180699,6.657055431,1185.682318,0,1.074529846,34.8055,5.568685478,69.558,68.71250153,26,90.28636635,72.88012795,57.27501793,-0.452942908,1.136351607,28832496,0,-0.735730886,78.2,0,-0.553631186,136.6656647,49.24952659,10.578,20.153,-0.150054276
Nepal,2020,89.9,0.510153337,29.04761887,0.378739091,41.59072201,33433659301,-2.369620629,1139.189895,0,2.448800144,37.6984,5.052366553,69.246,0,24.9,90.76858353,76.61121214,45.72077064,-0.180229142,1.774268056,29348627,0,-0.735240161,73.1,0,-0.512035429,121.1866837,40.9188656,13.157,20.576,-0.084038779
Nepal,2021,89.9,0.524208615,32.38095093,0.531690907,41.59072201,36924841394,4.838149614,1229.394204,0,1.247831571,41.6083,4.149680034,68.45,71.15000153,23.9,91.24225081,80.40022366,0,-0.188807815,2.311723712,30034989,0,-0.642471373,73.7,0,-0.48886165,118.3385537,43.05380479,12.315,21.008,-0.084464759
Nepal,2022,91.3,0.518774319,33.96226501,0.158939274,0,41182939601,5.631314559,1348.15719,30,0.538949755,49.5609,7.650791768,70.484,0,23,91.23509651,80.39270303,0,-0.251907498,1.692246601,30547580,0.4,-0.650234938,0,0,-0.448678464,118.8039516,48.97340148,10.922,21.451,-0.0491594
Nepal,2023,0,0,0,0.180483792,0,40908073367,1.952544633,1324.031984,0,0,0,7.114759517,0,0,0,0,0,0,0,1.136035375,30896590,0,0,0,0,0,122.9840624,41.63749471,10.685,21.903,0
Pakistan,2000,72.8,0.710499799,22.87234116,0.309595026,5.852091117,99484802345,4.260088011,644.457157,0,0,0,4.366664513,62.102,0,84.8,87.36402076,30.9057923,59.16341563,-1.104804635,3.075552912,154369924,0,-0.766920447,51,0.115659997,-1.000389218,63.47122955,21.45996933,0.597,32.982,-1.220253587
Pakistan,2001,73.9,0.705394444,0,0.389106586,5.797928342,97145618480,3.651350171,610.1432316,28.7,0,1.31855,3.148261446,62.421,0,82.9,87.60278309,32.80766837,59.26193463,0,3.092079184,159217727,33.3,0,51.5,0.151649997,0,63.47180939,23.57720884,0.595,33.18,0
Pakistan,2002,74.9,0.691158642,20.1058197,0.8435173,5.743765567,97923302809,2.594816684,599.7894108,0,0,2.57743,3.290344726,62.626,0,81.1,87.83853927,34.70445497,59.34946089,-1.637678623,2.50885976,163262807,0,-0.877513707,51.4,0.198870003,-0.931637406,63.84201813,23.1290206,0.597,33.38,-1.109006166
Pakistan,2003,76,0.699751457,24.33862495,0.475207712,5.689602792,112372000000,5.401310873,673.382966,0,0,5.04116,2.914134701,62.843,0,79.5,88.07328112,36.59515911,59.36998418,-1.54904592,2.189388121,166876680,0,-0.827369988,50.1,0,-0.920624614,65.76925659,24.65016612,0.595,33.58,-1.170764208
Pakistan,2004,77,0.764313828,10.83743858,0.845585702,5.635440017,132216000000,7.83125557,774.7853357,30.9,0,6.16432,7.444624693,63.052,0,78.1,88.30713702,38.48021693,59.26749427,-1.582877994,2.235149207,170648620,20.2,-1.049112082,47.9,0,-0.994449377,69.64685822,24.80834087,0.588,33.781,-1.142131209
Pakistan,2005,78.1,0.761454393,14.63414669,1.515750831,5.581277242,145209000000,7.276574436,832.7511375,31.3,0,6.33233,9.06332737,62.466,50,76.8,87.99057987,40.35915769,58.98598095,-1.751388311,2.158492155,174372098,20.3,-0.641119778,48,0.398490012,-0.890321434,73.18280792,29.878498,0.582,33.982,-0.976286173
Pakistan,2006,79.1,0.807902021,22.43902397,2.639750062,5.527114467,161871000000,6.051637676,909.0324033,0,0,6.5,7.921084401,63.731,54,75.5,88.14406172,42.2129055,57.44540129,-2.024678469,2.098513142,178069984,0,-0.479762465,47,0,-0.857247531,69.86380768,33.04971214,0.582,34.184,-0.886475444
Pakistan,2007,80.2,0.878248843,21.84465981,3.035719338,5.472951692,184141000000,4.44481434,1012.182794,29.7,0,6.8,7.598684411,63.852,52,74.3,88.31188748,44.05647274,54.33527038,-2.432705164,2.141523972,181924521,14.9,-0.537263751,44.9,0.632499993,-0.887544632,74.22019958,30.78788045,0.398,34.387,-0.949874163
Pakistan,2008,81.4,0.834113749,19.41747665,2.689366561,5.418788917,202204000000,2.120441043,1087.514777,0,1.924735013,7,20.28612109,64.036,56,73,88.47793129,45.88948541,50.75391506,-2.573009491,2.178889217,185931955,0,-0.599021852,46.6,0,-0.972613692,73.91271973,34.34896042,0.423,34.59,-0.838403463
Pakistan,2009,82.5,0.831399228,13.87559795,1.248013055,5.364626142,187338000000,3.472550596,985.3493008,0,1.767061445,7.5,13.64776506,64.14,55,71.6,88.64219188,47.71199679,47.79966219,-2.64452672,2.229162535,190123222,0,-0.584045112,46.4,0.448060006,-0.838977218,74.17310333,33.32688559,0.535,34.793,-0.855763972
Pakistan,2010,87.1,0.782293038,13.80952358,1.027911081,5.310463367,196710000000,1.501717522,1011.59718,28.8,1.728023576,8,12.93887056,64.436,55,70.2,88.80475285,49.52440583,46.5708386,-2.675933123,2.252579345,194454498,9.4,-0.613358259,47.4,0,-0.737805545,74.51810256,31.98899821,0.653,34.997,-0.798651278
Pakistan,2011,87.8,0.77423555,15.16587639,0.575055146,5.268659195,230587000000,2.680116854,1161.044321,29.7,1.814500958,8,11.91609271,64.648,55,68.7,88.96560218,51.32672381,55.75497917,-2.810035467,2.110834578,198602738,9.6,-0.647816777,46.8,0.329169989,-0.906628191,71.02598842,32.36263828,0.796,35.202,-0.829199433
Pakistan,2012,88.6,0.766129128,14.21800995,0.343453049,5.226855023,250107000000,3.027583911,1236.892763,0,1.725256901,8.1,9.682351861,64.782,57,67.1,89.12473117,53.1189631,66.87195407,-2.677003622,1.79797543,202205861,0,-0.722233474,47.2,0,-0.883420169,70.78525465,31.31897077,3.667,35.408,-0.843582153
Pakistan,2013,89.3,0.762642249,17.06161118,0.515353849,5.185050851,258657000000,4.36686505,1259.668368,29.5,1.924888894,9,7.692156119,65.15,56,65.5,89.28197133,54.90051097,68.58132487,-2.603302002,1.536897649,205337562,7.4,-0.70500499,48.1,0.292849988,-0.855993092,70.24364089,30.89027502,2.954,35.613,-0.799480617
Pakistan,2014,90.1,0.792486962,23.07692337,0.695308117,5.143246679,271390000000,4.116428172,1303.18537,0,1.448112847,10,7.189384028,65.284,57,63.8,89.43748479,56.67205633,71.7121701,-2.401279211,1.409182973,208251628,0,-0.688540936,47.2,0,-0.750930011,74.31890185,29.46982583,1.827,35.819,-0.716015041
Pakistan,2015,91,0.826848748,22.38095284,0.557734356,5.101442507,299964000000,4.217942096,1421.835278,31.3,1.60383334,11,2.529328173,65.697,0,62.2,89.59124695,58.43360674,68.00687676,-2.471883535,1.296551724,210969298,5.1,-0.645115256,45.9,0.24605,-0.776916742,74.84799088,26.6881846,3.566,36.026,-0.722057998
Pakistan,2016,91.8,0.904955133,17.61904716,0.821349998,5.017953508,313630000000,6.573838285,1468.822082,0,1.957391558,12.3854,3.765119164,65.88,0,60.5,89.74324599,60.18517155,68.52282972,-2.473873854,1.204055673,213524840,0,-0.662416399,43.7,0,-0.815582871,79.8399702,24.70157951,2.286,36.234,-0.699399233
Pakistan,2017,92.7,0.971850611,21.90476227,0.73583705,4.99418846,339206000000,4.432625907,1567.640612,0,2.176368769,13.78,4.08537368,66.297,59,58.9,89.89341028,61.92650683,61.79672747,-2.396910429,1.328135434,216379655,0,-0.61267668,42.1,0.212139994,-0.733362675,78.84305835,25.47203641,3.193,36.442,-0.693399549
Pakistan,2018,93.4,0.903148247,24.2857151,0.487745751,4.940561436,356128000000,6.151702611,1620.742591,29.6,2.169752837,15.34,5.078057259,66.482,57,57.3,90.04259791,63.66154836,62.38949764,-2.253884554,1.537172403,219731479,4.9,-0.667998254,43.4,0,-0.68372798,82.03330642,27.62605637,4.083,36.666,-0.813987374
Pakistan,2019,93.9,0.875344301,20.95238113,0.69614648,4.886934413,320909000000,2.497636929,1437.165833,0,2.302693297,17.0709,10.5783618,66.756,58,55.7,90.19065035,65.38993557,52.8571977,-2.251637459,1.607981347,223293280,0,-0.687235057,45.9,0.17475,-0.688234627,83.18457523,28.9055758,4.83,36.907,-0.862723053
Pakistan,2020,94.5,0.85371295,21.90476227,0.68469529,4.833307389,300426000000,-1.274087443,1322.314785,0,1.887812496,18.9348,9.739993139,66.269,0,54.1,90.33733695,67.11104079,42.99817342,-1.792646289,1.73302782,227196741,0,-0.764765918,42.7,0,-0.712482035,0,26.71628046,6.162,37.165,-0.877666116
Pakistan,2021,94.9,0.933715745,23.33333397,0.616039439,4.779680365,348517000000,6.513885759,1506.108293,0,1.488483293,24.9775,9.496210561,66.098,0,52.5,90.48246306,68.82426834,0,-1.713656187,1.834062082,231402117,0,-0.761585534,41.6,0.164430007,-0.658457339,84.36845972,27.03042156,6.338,37.44,-0.841158211
Pakistan,2022,95,0.845245486,22.64151001,0.390087239,0,374788000000,4.767539531,1589.26398,0,1.431317349,32.9486,19.87385996,66.431,0,51,90.62575385,70.52881326,0,-1.900261998,1.893245598,235824862,0,-0.886412621,0,0,-0.672492206,82.67900632,33.04037277,5.548,37.731,-0.862237751
Pakistan,2023,0,0,0,0.537284127,0,338368000000,-0.004855269,1407.021351,0,0,0,30.76812807,0,0,0,0,0,0,0,1.957103432,240485658,0,0,0,0,0,0,28.10207676,5.499,38.04,0
